{"cameraMode":{"drawMode":0,"name":"Shaded","section":"Shading Mode"},"sceneLighting":true,"audioPlay":false,"sceneViewState":{"m_AlwaysRefresh":false,"showFog":true,"showSkybox":true,"showFlares":true,"showImageEffects":true,"showParticleSystems":true,"showVisualEffectGraphs":true,"m_FxEnabled":true},"in2DMode":false,"pivot":{"x":12.074518203735352,"y":9.66855239868164,"z":-18.14362335205078},"rotation":{"x":-0.0014450608287006617,"y":-0.997417688369751,"z":-0.02213871292769909,"w":0.06740431487560272},"size":1.3374520540237427,"orthographic":false}