{"cameraMode":{"drawMode":0,"name":"Shaded","section":"Shading Mode"},"sceneLighting":true,"audioPlay":false,"sceneViewState":{"m_AlwaysRefresh":false,"showFog":true,"showSkybox":true,"showFlares":true,"showImageEffects":true,"showParticleSystems":true,"showVisualEffectGraphs":true,"m_FxEnabled":true},"in2DMode":false,"pivot":{"x":3.792147636413574,"y":7.216989517211914,"z":-12.209983825683594},"rotation":{"x":0.12533029913902284,"y":-0.18080219626426698,"z":0.02317393384873867,"w":0.9751571416854858},"size":1.3374520540237427,"orthographic":false}