{"cameraMode":{"drawMode":0,"name":"Shaded","section":"Shading Mode"},"sceneLighting":false,"audioPlay":false,"sceneViewState":{"m_AlwaysRefresh":false,"showFog":true,"showSkybox":false,"showFlares":true,"showImageEffects":true,"showParticleSystems":true,"showVisualEffectGraphs":true,"m_FxEnabled":true},"in2DMode":false,"pivot":{"x":-0.025331497192382814,"y":0.061051368713378909,"z":-0.15354138612747193},"rotation":{"x":0.1577916443347931,"y":-0.7024032473564148,"z":0.16427312791347505,"w":0.6742622256278992},"size":5.68582010269165,"orthographic":false}